source_code,sku,status,quantity
default,24-MB01,1,0
default,24-MB01,1,0
default,24-MB01,1,0
default,24-MB04,1,0
default,24-MB04,1,0
default,24-MB04,1,0
default,24-MB03,1,0
default,24-MB03,1,0
default,24-MB03,1,0
default,24-MB05,1,0
default,24-MB05,1,0
default,24-MB05,1,0
default,24-MB01,1,0
default,24-MB04,1,0
default,24-MB03,1,0
default,24-MB05,1,0
default,24-MB06,1,0
default,24-MB02,1,0
default,24-UB02,1,0
default,24-WB01,1,0
default,24-WB02,1,0
default,24-WB05,1,0
default,24-WB06,1,0
default,24-WB03,1,0
default,24-WB07,1,0
default,24-WB04,1,0
default,24-UG06,1,0
default,24-UG07,1,0
default,24-UG04,1,0
default,24-UG02,1,0
default,24-UG05,1,0
default,24-UG01,1,0
default,24-WG084,1,0
default,24-WG088,1,0
default,24-UG03,1,0
default,24-WG081-gray,1,0
default,24-WG081-pink,1,0
default,24-WG081-blue,1,0
default,24-WG082-gray,1,0
default,24-WG082-pink,1,0
default,24-WG082-blue,1,0
default,24-WG083-gray,1,0
default,24-WG083-pink,1,0
default,24-WG083-blue,1,0
default,24-WG085,1,0
default,24-WG086,1,0
default,24-WG087,1,0
default,24-MG04,1,0
default,24-MG01,1,0
default,24-MG03,1,0
default,24-MG05,1,0
default,24-MG02,1,0
default,24-WG09,1,0
default,24-WG01,1,0
default,24-WG03,1,0
default,24-WG02,1,0
default,243-MB04,1,0
default,MH01-XS-Black,1,0
default,MH01-XS-Gray,1,0
default,MH01-XS-Orange,1,0
default,MH01-S-Black,1,0
default,MH01-S-Gray,1,0
default,MH01-S-Orange,1,0
default,MH01-M-Black,1,0
default,MH01-M-Gray,1,0
default,MH01-M-Orange,1,0
default,MH01-L-Black,1,0
default,MH01-L-Gray,1,0
default,MH01-L-Orange,1,0
default,MH01-XL-Black,1,0
default,MH01-XL-Gray,1,0
default,MH01-XL-Orange,1,0
default,MH02-XS-Black,1,0
default,MH02-XS-Purple,1,0
default,MH02-XS-Red,1,0
default,MH02-S-Black,1,0
default,MH02-S-Purple,1,0
default,MH02-S-Red,1,0
default,MH02-M-Black,1,0
default,MH02-M-Purple,1,0
default,MH02-M-Red,1,0
default,MH02-L-Black,1,0
default,MH02-L-Purple,1,0
default,MH02-L-Red,1,0
default,MH02-XL-Black,1,0
default,MH02-XL-Purple,1,0
default,MH02-XL-Red,1,0
default,MH03-XS-Black,1,0
default,MH03-XS-Blue,1,0
default,MH03-XS-Green,1,0
default,MH03-S-Black,1,0
default,MH03-S-Blue,1,0
default,MH03-S-Green,1,0
default,MH03-M-Black,1,0
default,MH03-M-Blue,1,0
default,MH03-M-Green,1,0
default,MH03-L-Black,1,0
default,MH03-L-Blue,1,0
default,MH03-L-Green,1,0
default,MH03-XL-Black,1,0
default,MH03-XL-Blue,1,0
default,MH03-XL-Green,1,0
default,MH04-XS-Green,1,0
default,MH04-XS-White,1,0
default,MH04-XS-Yellow,1,0
default,MH04-S-Green,1,0
default,MH04-S-White,1,0
default,MH04-S-Yellow,1,0
default,MH04-M-Green,1,0
default,MH04-M-White,1,0
default,MH04-M-Yellow,1,0
default,MH04-L-Green,1,0
default,MH04-L-White,1,0
default,MH04-L-Yellow,1,0
default,MH04-XL-Green,1,0
default,MH04-XL-White,1,0
default,MH04-XL-Yellow,1,0
default,MH05-XS-Green,1,0
default,MH05-XS-Red,1,0
default,MH05-XS-White,1,0
default,MH05-S-Green,1,0
default,MH05-S-Red,1,0
default,MH05-S-White,1,0
default,MH05-M-Green,1,0
default,MH05-M-Red,1,0
default,MH05-M-White,1,0
default,MH05-L-Green,1,0
default,MH05-L-Red,1,0
default,MH05-L-White,1,0
default,MH05-XL-Green,1,0
default,MH05-XL-Red,1,0
default,MH05-XL-White,1,0
default,MH06-XS-Black,1,0
default,MH06-XS-Blue,1,0
default,MH06-XS-Purple,1,0
default,MH06-S-Black,1,0
default,MH06-S-Blue,1,0
default,MH06-S-Purple,1,0
default,MH06-M-Black,1,0
default,MH06-M-Blue,1,0
default,MH06-M-Purple,1,0
default,MH06-L-Black,1,0
default,MH06-L-Blue,1,0
default,MH06-L-Purple,1,0
default,MH06-XL-Black,1,0
default,MH06-XL-Blue,1,0
default,MH06-XL-Purple,1,0
default,MH07-XS-Black,1,0
default,MH07-XS-Gray,1,0
default,MH07-XS-Green,1,0
default,MH07-S-Black,1,0
default,MH07-S-Gray,1,0
default,MH07-S-Green,1,0
default,MH07-M-Black,1,0
default,MH07-M-Gray,1,0
default,MH07-M-Green,1,0
default,MH07-L-Black,1,0
default,MH07-L-Gray,1,0
default,MH07-L-Green,1,0
default,MH07-XL-Black,1,0
default,MH07-XL-Gray,1,0
default,MH07-XL-Green,1,0
default,MH08-XS-Brown,1,0
default,MH08-XS-Purple,1,0
default,MH08-XS-Red,1,0
default,MH08-S-Brown,1,0
default,MH08-S-Purple,1,0
default,MH08-S-Red,1,0
default,MH08-M-Brown,1,0
default,MH08-M-Purple,1,0
default,MH08-M-Red,1,0
default,MH08-L-Brown,1,0
default,MH08-L-Purple,1,0
default,MH08-L-Red,1,0
default,MH08-XL-Brown,1,0
default,MH08-XL-Purple,1,0
default,MH08-XL-Red,1,0
default,MH09-XS-Blue,1,0
default,MH09-XS-Green,1,0
default,MH09-XS-Red,1,0
default,MH09-S-Blue,1,0
default,MH09-S-Green,1,0
default,MH09-S-Red,1,0
default,MH09-M-Blue,1,0
default,MH09-M-Green,1,0
default,MH09-M-Red,1,0
default,MH09-L-Blue,1,0
default,MH09-L-Green,1,0
default,MH09-L-Red,1,0
default,MH09-XL-Blue,1,0
default,MH09-XL-Green,1,0
default,MH09-XL-Red,1,0
default,MH10-XS-Black,1,0
default,MH10-XS-Blue,1,0
default,MH10-XS-Red,1,0
default,MH10-S-Black,1,0
default,MH10-S-Blue,1,0
default,MH10-S-Red,1,0
default,MH10-M-Black,1,0
default,MH10-M-Blue,1,0
default,MH10-M-Red,1,0
default,MH10-L-Black,1,0
default,MH10-L-Blue,1,0
default,MH10-L-Red,1,0
default,MH10-XL-Black,1,0
default,MH10-XL-Blue,1,0
default,MH10-XL-Red,1,0
default,MH11-XS-Orange,1,0
default,MH11-XS-Red,1,0
default,MH11-XS-White,1,0
default,MH11-S-Orange,1,0
default,MH11-S-Red,1,0
default,MH11-S-White,1,0
default,MH11-M-Orange,1,0
default,MH11-M-Red,1,0
default,MH11-M-White,1,0
default,MH11-L-Orange,1,0
default,MH11-L-Red,1,0
default,MH11-L-White,1,0
default,MH11-XL-Orange,1,0
default,MH11-XL-Red,1,0
default,MH11-XL-White,1,0
default,MH12-XS-Blue,1,0
default,MH12-XS-Green,1,0
default,MH12-XS-Red,1,0
default,MH12-S-Blue,1,0
default,MH12-S-Green,1,0
default,MH12-S-Red,1,0
default,MH12-M-Blue,1,0
default,MH12-M-Green,1,0
default,MH12-M-Red,1,0
default,MH12-L-Blue,1,0
default,MH12-L-Green,1,0
default,MH12-L-Red,1,0
default,MH12-XL-Blue,1,0
default,MH12-XL-Green,1,0
default,MH12-XL-Red,1,0
default,MH13-XS-Blue,1,0
default,MH13-XS-Green,1,0
default,MH13-XS-Lavender,1,0
default,MH13-S-Blue,1,0
default,MH13-S-Green,1,0
default,MH13-S-Lavender,1,0
default,MH13-M-Blue,1,0
default,MH13-M-Green,1,0
default,MH13-M-Lavender,1,0
default,MH13-L-Blue,1,0
default,MH13-L-Green,1,0
default,MH13-L-Lavender,1,0
default,MH13-XL-Blue,1,0
default,MH13-XL-Green,1,0
default,MH13-XL-Lavender,1,0
default,MJ01-XS-Orange,1,0
default,MJ01-XS-Red,1,0
default,MJ01-XS-Yellow,1,0
default,MJ01-S-Orange,1,0
default,MJ01-S-Red,1,0
default,MJ01-S-Yellow,1,0
default,MJ01-M-Orange,1,0
default,MJ01-M-Red,1,0
default,MJ01-M-Yellow,1,0
default,MJ01-L-Orange,1,0
default,MJ01-L-Red,1,0
default,MJ01-L-Yellow,1,0
default,MJ01-XL-Orange,1,0
default,MJ01-XL-Red,1,0
default,MJ01-XL-Yellow,1,0
default,MJ02-XS-Green,1,0
default,MJ02-XS-Orange,1,0
default,MJ02-XS-Red,1,0
default,MJ02-S-Green,1,0
default,MJ02-S-Orange,1,0
default,MJ02-S-Red,1,0
default,MJ02-M-Green,1,0
default,MJ02-M-Orange,1,0
default,MJ02-M-Red,1,0
default,MJ02-L-Green,1,0
default,MJ02-L-Orange,1,0
default,MJ02-L-Red,1,0
default,MJ02-XL-Green,1,0
default,MJ02-XL-Orange,1,0
default,MJ02-XL-Red,1,0
default,MJ04-XS-Black,1,0
default,MJ04-XS-Blue,1,0
default,MJ04-XS-Purple,1,0
default,MJ04-S-Black,1,0
default,MJ04-S-Blue,1,0
default,MJ04-S-Purple,1,0
default,MJ04-M-Black,1,0
default,MJ04-M-Blue,1,0
default,MJ04-M-Purple,1,0
default,MJ04-L-Black,1,0
default,MJ04-L-Blue,1,0
default,MJ04-L-Purple,1,0
default,MJ04-XL-Black,1,0
default,MJ04-XL-Blue,1,0
default,MJ04-XL-Purple,1,0
default,MJ07-XS-Black,1,0
default,MJ07-XS-Red,1,0
default,MJ07-XS-Yellow,1,0
default,MJ07-S-Black,1,0
default,MJ07-S-Red,1,0
default,MJ07-S-Yellow,1,0
default,MJ07-M-Black,1,0
default,MJ07-M-Red,1,0
default,MJ07-M-Yellow,1,0
default,MJ07-L-Black,1,0
default,MJ07-L-Red,1,0
default,MJ07-L-Yellow,1,0
default,MJ07-XL-Black,1,0
default,MJ07-XL-Red,1,0
default,MJ07-XL-Yellow,1,0
default,MJ08-XS-Blue,1,0
default,MJ08-XS-Gray,1,0
default,MJ08-XS-Green,1,0
default,MJ08-S-Blue,1,0
default,MJ08-S-Gray,1,0
default,MJ08-S-Green,1,0
default,MJ08-M-Blue,1,0
default,MJ08-M-Gray,1,0
default,MJ08-M-Green,1,0
default,MJ08-L-Blue,1,0
default,MJ08-L-Gray,1,0
default,MJ08-L-Green,1,0
default,MJ08-XL-Blue,1,0
default,MJ08-XL-Gray,1,0
default,MJ08-XL-Green,1,0
default,MJ09-XS-Blue,1,0
default,MJ09-XS-White,1,0
default,MJ09-XS-Yellow,1,0
default,MJ09-S-Blue,1,0
default,MJ09-S-White,1,0
default,MJ09-S-Yellow,1,0
default,MJ09-M-Blue,1,0
default,MJ09-M-White,1,0
default,MJ09-M-Yellow,1,0
default,MJ09-L-Blue,1,0
default,MJ09-L-White,1,0
default,MJ09-L-Yellow,1,0
default,MJ09-XL-Blue,1,0
default,MJ09-XL-White,1,0
default,MJ09-XL-Yellow,1,0
default,MJ10-XS-Black,1,0
default,MJ10-XS-Orange,1,0
default,MJ10-XS-Red,1,0
default,MJ10-S-Black,1,0
default,MJ10-S-Orange,1,0
default,MJ10-S-Red,1,0
default,MJ10-M-Black,1,0
default,MJ10-M-Orange,1,0
default,MJ10-M-Red,1,0
default,MJ10-L-Black,1,0
default,MJ10-L-Orange,1,0
default,MJ10-L-Red,1,0
default,MJ10-XL-Black,1,0
default,MJ10-XL-Orange,1,0
default,MJ10-XL-Red,1,0
default,MJ11-XS-Black,1,0
default,MJ11-XS-Green,1,0
default,MJ11-XS-Red,1,0
default,MJ11-S-Black,1,0
default,MJ11-S-Green,1,0
default,MJ11-S-Red,1,0
default,MJ11-M-Black,1,0
default,MJ11-M-Green,1,0
default,MJ11-M-Red,1,0
default,MJ11-L-Black,1,0
default,MJ11-L-Green,1,0
default,MJ11-L-Red,1,0
default,MJ11-XL-Black,1,0
default,MJ11-XL-Green,1,0
default,MJ11-XL-Red,1,0
default,MJ06-XS-Blue,1,0
default,MJ06-XS-Green,1,0
default,MJ06-XS-Purple,1,0
default,MJ06-S-Blue,1,0
default,MJ06-S-Green,1,0
default,MJ06-S-Purple,1,0
default,MJ06-M-Blue,1,0
default,MJ06-M-Green,1,0
default,MJ06-M-Purple,1,0
default,MJ06-L-Blue,1,0
default,MJ06-L-Green,1,0
default,MJ06-L-Purple,1,0
default,MJ06-XL-Blue,1,0
default,MJ06-XL-Green,1,0
default,MJ06-XL-Purple,1,0
default,MJ03-XS-Black,1,0
default,MJ03-XS-Green,1,0
default,MJ03-XS-Red,1,0
default,MJ03-S-Black,1,0
default,MJ03-S-Green,1,0
default,MJ03-S-Red,1,0
default,MJ03-M-Black,1,0
default,MJ03-M-Green,1,0
default,MJ03-M-Red,1,0
default,MJ03-L-Black,1,0
default,MJ03-L-Green,1,0
default,MJ03-L-Red,1,0
default,MJ03-XL-Black,1,0
default,MJ03-XL-Green,1,0
default,MJ03-XL-Red,1,0
default,MJ12-XS-Black,1,0
default,MJ12-XS-Blue,1,0
default,MJ12-XS-Orange,1,0
default,MJ12-S-Black,1,0
default,MJ12-S-Blue,1,0
default,MJ12-S-Orange,1,0
default,MJ12-M-Black,1,0
default,MJ12-M-Blue,1,0
default,MJ12-M-Orange,1,0
default,MJ12-L-Black,1,0
default,MJ12-L-Blue,1,0
default,MJ12-L-Orange,1,0
default,MJ12-XL-Black,1,0
default,MJ12-XL-Blue,1,0
default,MJ12-XL-Orange,1,0
default,MS04-XS-Black,1,0
default,MS04-XS-Orange,1,0
default,MS04-XS-Red,1,0
default,MS04-S-Black,1,0
default,MS04-S-Orange,1,0
default,MS04-S-Red,1,0
default,MS04-M-Black,1,0
default,MS04-M-Orange,1,0
default,MS04-M-Red,1,0
default,MS04-L-Black,1,0
default,MS04-L-Orange,1,0
default,MS04-L-Red,1,0
default,MS04-XL-Black,1,0
default,MS04-XL-Orange,1,0
default,MS04-XL-Red,1,0
default,MS05-XS-Black,1,0
default,MS05-XS-Blue,1,0
default,MS05-XS-Purple,1,0
default,MS05-S-Black,1,0
default,MS05-S-Blue,1,0
default,MS05-S-Purple,1,0
default,MS05-M-Black,1,0
default,MS05-M-Blue,1,0
default,MS05-M-Purple,1,0
default,MS05-L-Black,1,0
default,MS05-L-Blue,1,0
default,MS05-L-Purple,1,0
default,MS05-XL-Black,1,0
default,MS05-XL-Blue,1,0
default,MS05-XL-Purple,1,0
default,MS09-XS-Black,1,0
default,MS09-XS-Blue,1,0
default,MS09-XS-Red,1,0
default,MS09-S-Black,1,0
default,MS09-S-Blue,1,0
default,MS09-S-Red,1,0
default,MS09-M-Black,1,0
default,MS09-M-Blue,1,0
default,MS09-M-Red,1,0
default,MS09-L-Black,1,0
default,MS09-L-Blue,1,0
default,MS09-L-Red,1,0
default,MS09-XL-Black,1,0
default,MS09-XL-Blue,1,0
default,MS09-XL-Red,1,0
default,MS11-XS-Blue,1,0
default,MS11-XS-Green,1,0
default,MS11-XS-Yellow,1,0
default,MS11-S-Blue,1,0
default,MS11-S-Green,1,0
default,MS11-S-Yellow,1,0
default,MS11-M-Blue,1,0
default,MS11-M-Green,1,0
default,MS11-M-Yellow,1,0
default,MS11-L-Blue,1,0
default,MS11-L-Green,1,0
default,MS11-L-Yellow,1,0
default,MS11-XL-Blue,1,0
default,MS11-XL-Green,1,0
default,MS11-XL-Yellow,1,0
default,MS12-XS-Black,1,0
default,MS12-XS-Blue,1,0
default,MS12-XS-Red,1,0
default,MS12-S-Black,1,0
default,MS12-S-Blue,1,0
default,MS12-S-Red,1,0
default,MS12-M-Black,1,0
default,MS12-M-Blue,1,0
default,MS12-M-Red,1,0
default,MS12-L-Black,1,0
default,MS12-L-Blue,1,0
default,MS12-L-Red,1,0
default,MS12-XL-Black,1,0
default,MS12-XL-Blue,1,0
default,MS12-XL-Red,1,0
default,MS03-XS-Gray,1,0
default,MS03-XS-Green,1,0
default,MS03-XS-Orange,1,0
default,MS03-S-Gray,1,0
default,MS03-S-Green,1,0
default,MS03-S-Orange,1,0
default,MS03-M-Gray,1,0
default,MS03-M-Green,1,0
default,MS03-M-Orange,1,0
default,MS03-L-Gray,1,0
default,MS03-L-Green,1,0
default,MS03-L-Orange,1,0
default,MS03-XL-Gray,1,0
default,MS03-XL-Green,1,0
default,MS03-XL-Orange,1,0
default,MS06-XS-Blue,1,0
default,MS06-XS-Green,1,0
default,MS06-XS-Yellow,1,0
default,MS06-S-Blue,1,0
default,MS06-S-Green,1,0
default,MS06-S-Yellow,1,0
default,MS06-M-Blue,1,0
default,MS06-M-Green,1,0
default,MS06-M-Yellow,1,0
default,MS06-L-Blue,1,0
default,MS06-L-Green,1,0
default,MS06-L-Yellow,1,0
default,MS06-XL-Blue,1,0
default,MS06-XL-Green,1,0
default,MS06-XL-Yellow,1,0
default,MS01-XS-Black,1,0
default,MS01-XS-Brown,1,0
default,MS01-XS-Yellow,1,0
default,MS01-S-Black,1,0
default,MS01-S-Brown,1,0
default,MS01-S-Yellow,1,0
default,MS01-M-Black,1,0
default,MS01-M-Brown,1,0
default,MS01-M-Yellow,1,0
default,MS01-L-Black,1,0
default,MS01-L-Brown,1,0
default,MS01-L-Yellow,1,0
default,MS01-XL-Black,1,0
default,MS01-XL-Brown,1,0
default,MS01-XL-Yellow,1,0
default,MS02-XS-Black,1,0
default,MS02-XS-Blue,1,0
default,MS02-XS-Gray,1,0
default,MS02-S-Black,1,0
default,MS02-S-Blue,1,0
default,MS02-S-Gray,1,0
default,MS02-M-Black,1,0
default,MS02-M-Blue,1,0
default,MS02-M-Gray,1,0
default,MS02-L-Black,1,0
default,MS02-L-Blue,1,0
default,MS02-L-Gray,1,0
default,MS02-XL-Black,1,0
default,MS02-XL-Blue,1,0
default,MS02-XL-Gray,1,0
default,MS10-XS-Black,1,0
default,MS10-XS-Blue,1,0
default,MS10-XS-Red,1,0
default,MS10-S-Black,1,0
default,MS10-S-Blue,1,0
default,MS10-S-Red,1,0
default,MS10-M-Black,1,0
default,MS10-M-Blue,1,0
default,MS10-M-Red,1,0
default,MS10-L-Black,1,0
default,MS10-L-Blue,1,0
default,MS10-L-Red,1,0
default,MS10-XL-Black,1,0
default,MS10-XL-Blue,1,0
default,MS10-XL-Red,1,0
default,MS07-XS-Black,1,0
default,MS07-XS-Green,1,0
default,MS07-XS-White,1,0
default,MS07-S-Black,1,0
default,MS07-S-Green,1,0
default,MS07-S-White,1,0
default,MS07-M-Black,1,0
default,MS07-M-Green,1,0
default,MS07-M-White,1,0
default,MS07-L-Black,1,0
default,MS07-L-Green,1,0
default,MS07-L-White,1,0
default,MS07-XL-Black,1,0
default,MS07-XL-Green,1,0
default,MS07-XL-White,1,0
default,MS08-XS-Black,1,0
default,MS08-XS-Blue,1,0
default,MS08-XS-Red,1,0
default,MS08-S-Black,1,0
default,MS08-S-Blue,1,0
default,MS08-S-Red,1,0
default,MS08-M-Black,1,0
default,MS08-M-Blue,1,0
default,MS08-M-Red,1,0
default,MS08-L-Black,1,0
default,MS08-L-Blue,1,0
default,MS08-L-Red,1,0
default,MS08-XL-Black,1,0
default,MS08-XL-Blue,1,0
default,MS08-XL-Red,1,0
default,MT01-XS-Gray,1,0
default,MT01-XS-Orange,1,0
default,MT01-XS-Red,1,0
default,MT01-S-Gray,1,0
default,MT01-S-Orange,1,0
default,MT01-S-Red,1,0
default,MT01-M-Gray,1,0
default,MT01-M-Orange,1,0
default,MT01-M-Red,1,0
default,MT01-L-Gray,1,0
default,MT01-L-Orange,1,0
default,MT01-L-Red,1,0
default,MT01-XL-Gray,1,0
default,MT01-XL-Orange,1,0
default,MT01-XL-Red,1,0
default,MT02-XS-Gray,1,0
default,MT02-XS-Red,1,0
default,MT02-XS-White,1,0
default,MT02-S-Gray,1,0
default,MT02-S-Red,1,0
default,MT02-S-White,1,0
default,MT02-M-Gray,1,0
default,MT02-M-Red,1,0
default,MT02-M-White,1,0
default,MT02-L-Gray,1,0
default,MT02-L-Red,1,0
default,MT02-L-White,1,0
default,MT02-XL-Gray,1,0
default,MT02-XL-Red,1,0
default,MT02-XL-White,1,0
default,MT03-XS-Blue,1,0
default,MT03-XS-Red,1,0
default,MT03-XS-Yellow,1,0
default,MT03-S-Blue,1,0
default,MT03-S-Red,1,0
default,MT03-S-Yellow,1,0
default,MT03-M-Blue,1,0
default,MT03-M-Red,1,0
default,MT03-M-Yellow,1,0
default,MT03-L-Blue,1,0
default,MT03-L-Red,1,0
default,MT03-L-Yellow,1,0
default,MT03-XL-Blue,1,0
default,MT03-XL-Red,1,0
default,MT03-XL-Yellow,1,0
default,MT04-XS-Blue,1,0
default,MT04-S-Blue,1,0
default,MT04-M-Blue,1,0
default,MT04-L-Blue,1,0
default,MT04-XL-Blue,1,0
default,MT05-XS-Blue,1,0
default,MT05-S-Blue,1,0
default,MT05-M-Blue,1,0
default,MT05-L-Blue,1,0
default,MT05-XL-Blue,1,0
default,MT06-XS-Black,1,0
default,MT06-S-Black,1,0
default,MT06-M-Black,1,0
default,MT06-L-Black,1,0
default,MT06-XL-Black,1,0
default,MT07-XS-Gray,1,0
default,MT07-S-Gray,1,0
default,MT07-M-Gray,1,0
default,MT07-L-Gray,1,0
default,MT07-XL-Gray,1,0
default,MT08-XS-Green,1,0
default,MT08-S-Green,1,0
default,MT08-M-Green,1,0
default,MT08-L-Green,1,0
default,MT08-XL-Green,1,0
default,MT09-XS-Blue,1,0
default,MT09-S-Blue,1,0
default,MT09-M-Blue,1,0
default,MT09-L-Blue,1,0
default,MT09-XL-Blue,1,0
default,MT10-XS-Yellow,1,0
default,MT10-S-Yellow,1,0
default,MT10-M-Yellow,1,0
default,MT10-L-Yellow,1,0
default,MT10-XL-Yellow,1,0
default,MT11-XS-Blue,1,0
default,MT11-S-Blue,1,0
default,MT11-M-Blue,1,0
default,MT11-L-Blue,1,0
default,MT11-XL-Blue,1,0
default,MT12-XS-Blue,1,0
default,MT12-S-Blue,1,0
default,MT12-M-Blue,1,0
default,MT12-L-Blue,1,0
default,MT12-XL-Blue,1,0
default,MP01-32-Black,1,0
default,MP01-32-Gray,1,0
default,MP01-32-Purple,1,0
default,MP01-33-Black,1,0
default,MP01-33-Gray,1,0
default,MP01-33-Purple,1,0
default,MP01-34-Black,1,0
default,MP01-34-Gray,1,0
default,MP01-34-Purple,1,0
default,MP01-36-Black,1,0
default,MP01-36-Gray,1,0
default,MP01-36-Purple,1,0
default,MP02-32-Blue,1,0
default,MP02-32-Gray,1,0
default,MP02-32-Red,1,0
default,MP02-33-Blue,1,0
default,MP02-33-Gray,1,0
default,MP02-33-Red,1,0
default,MP02-34-Blue,1,0
default,MP02-34-Gray,1,0
default,MP02-34-Red,1,0
default,MP02-36-Blue,1,0
default,MP02-36-Gray,1,0
default,MP02-36-Red,1,0
default,MP03-32-Blue,1,0
default,MP03-32-Green,1,0
default,MP03-32-Red,1,0
default,MP03-33-Blue,1,0
default,MP03-33-Green,1,0
default,MP03-33-Red,1,0
default,MP03-34-Blue,1,0
default,MP03-34-Green,1,0
default,MP03-34-Red,1,0
default,MP03-36-Blue,1,0
default,MP03-36-Green,1,0
default,MP03-36-Red,1,0
default,MP04-32-Black,1,0
default,MP04-32-Gray,1,0
default,MP04-32-Green,1,0
default,MP04-33-Black,1,0
default,MP04-33-Gray,1,0
default,MP04-33-Green,1,0
default,MP04-34-Black,1,0
default,MP04-34-Gray,1,0
default,MP04-34-Green,1,0
default,MP04-36-Black,1,0
default,MP04-36-Gray,1,0
default,MP04-36-Green,1,0
default,MP05-32-Black,1,0
default,MP05-32-Blue,1,0
default,MP05-32-Green,1,0
default,MP05-33-Black,1,0
default,MP05-33-Blue,1,0
default,MP05-33-Green,1,0
default,MP05-34-Black,1,0
default,MP05-34-Blue,1,0
default,MP05-34-Green,1,0
default,MP05-36-Black,1,0
default,MP05-36-Blue,1,0
default,MP05-36-Green,1,0
default,MP06-32-Gray,1,0
default,MP06-32-Green,1,0
default,MP06-32-Orange,1,0
default,MP06-33-Gray,1,0
default,MP06-33-Green,1,0
default,MP06-33-Orange,1,0
default,MP06-34-Gray,1,0
default,MP06-34-Green,1,0
default,MP06-34-Orange,1,0
default,MP06-36-Gray,1,0
default,MP06-36-Green,1,0
default,MP06-36-Orange,1,0
default,MP07-32-Black,1,0
default,MP07-32-Blue,1,0
default,MP07-32-Purple,1,0
default,MP07-33-Black,1,0
default,MP07-33-Blue,1,0
default,MP07-33-Purple,1,0
default,MP07-34-Black,1,0
default,MP07-34-Blue,1,0
default,MP07-34-Purple,1,0
default,MP07-36-Black,1,0
default,MP07-36-Blue,1,0
default,MP07-36-Purple,1,0
default,MP08-32-Blue,1,0
default,MP08-32-Green,1,0
default,MP08-32-Red,1,0
default,MP08-33-Blue,1,0
default,MP08-33-Green,1,0
default,MP08-33-Red,1,0
default,MP08-34-Blue,1,0
default,MP08-34-Green,1,0
default,MP08-34-Red,1,0
default,MP08-36-Blue,1,0
default,MP08-36-Green,1,0
default,MP08-36-Red,1,0
default,MP09-32-Black,1,0
default,MP09-32-Blue,1,0
default,MP09-32-Red,1,0
default,MP09-33-Black,1,0
default,MP09-33-Blue,1,0
default,MP09-33-Red,1,0
default,MP09-34-Black,1,0
default,MP09-34-Blue,1,0
default,MP09-34-Red,1,0
default,MP09-36-Black,1,0
default,MP09-36-Blue,1,0
default,MP09-36-Red,1,0
default,MP10-32-Black,1,0
default,MP10-32-Blue,1,0
default,MP10-32-Green,1,0
default,MP10-33-Black,1,0
default,MP10-33-Blue,1,0
default,MP10-33-Green,1,0
default,MP10-34-Black,1,0
default,MP10-34-Blue,1,0
default,MP10-34-Green,1,0
default,MP10-36-Black,1,0
default,MP10-36-Blue,1,0
default,MP10-36-Green,1,0
default,MP11-32-Blue,1,0
default,MP11-32-Brown,1,0
default,MP11-32-Green,1,0
default,MP11-33-Blue,1,0
default,MP11-33-Brown,1,0
default,MP11-33-Green,1,0
default,MP11-34-Blue,1,0
default,MP11-34-Brown,1,0
default,MP11-34-Green,1,0
default,MP11-36-Blue,1,0
default,MP11-36-Brown,1,0
default,MP11-36-Green,1,0
default,MP12-32-Black,1,0
default,MP12-32-Blue,1,0
default,MP12-32-Red,1,0
default,MP12-33-Black,1,0
default,MP12-33-Blue,1,0
default,MP12-33-Red,1,0
default,MP12-34-Black,1,0
default,MP12-34-Blue,1,0
default,MP12-34-Red,1,0
default,MP12-36-Black,1,0
default,MP12-36-Blue,1,0
default,MP12-36-Red,1,0
default,MSH01-32-Black,1,0
default,MSH01-32-Blue,1,0
default,MSH01-32-Red,1,0
default,MSH01-33-Black,1,0
default,MSH01-33-Blue,1,0
default,MSH01-33-Red,1,0
default,MSH01-34-Black,1,0
default,MSH01-34-Blue,1,0
default,MSH01-34-Red,1,0
default,MSH01-36-Black,1,0
default,MSH01-36-Blue,1,0
default,MSH01-36-Red,1,0
default,MSH02-32-Black,1,0
default,MSH02-33-Black,1,0
default,MSH02-34-Black,1,0
default,MSH02-36-Black,1,0
default,MSH03-32-Black,1,0
default,MSH03-32-Blue,1,0
default,MSH03-32-Green,1,0
default,MSH03-33-Black,1,0
default,MSH03-33-Blue,1,0
default,MSH03-33-Green,1,0
default,MSH03-34-Black,1,0
default,MSH03-34-Blue,1,0
default,MSH03-34-Green,1,0
default,MSH03-36-Black,1,0
default,MSH03-36-Blue,1,0
default,MSH03-36-Green,1,0
default,MSH04-32-Gray,1,0
default,MSH04-32-Purple,1,0
default,MSH04-32-Yellow,1,0
default,MSH04-33-Gray,1,0
default,MSH04-33-Purple,1,0
default,MSH04-33-Yellow,1,0
default,MSH04-34-Gray,1,0
default,MSH04-34-Purple,1,0
default,MSH04-34-Yellow,1,0
default,MSH04-36-Gray,1,0
default,MSH04-36-Purple,1,0
default,MSH04-36-Yellow,1,0
default,MSH05-32-Black,1,0
default,MSH05-32-Blue,1,0
default,MSH05-32-Gray,1,0
default,MSH05-33-Black,1,0
default,MSH05-33-Blue,1,0
default,MSH05-33-Gray,1,0
default,MSH05-34-Black,1,0
default,MSH05-34-Blue,1,0
default,MSH05-34-Gray,1,0
default,MSH05-36-Black,1,0
default,MSH05-36-Blue,1,0
default,MSH05-36-Gray,1,0
default,MSH06-32-Blue,1,0
default,MSH06-32-Gray,1,0
default,MSH06-32-Red,1,0
default,MSH06-33-Blue,1,0
default,MSH06-33-Gray,1,0
default,MSH06-33-Red,1,0
default,MSH06-34-Blue,1,0
default,MSH06-34-Gray,1,0
default,MSH06-34-Red,1,0
default,MSH06-36-Blue,1,0
default,MSH06-36-Gray,1,0
default,MSH06-36-Red,1,0
default,MSH07-32-Black,1,0
default,MSH07-32-Blue,1,0
default,MSH07-32-Purple,1,0
default,MSH07-33-Black,1,0
default,MSH07-33-Blue,1,0
default,MSH07-33-Purple,1,0
default,MSH07-34-Black,1,0
default,MSH07-34-Blue,1,0
default,MSH07-34-Purple,1,0
default,MSH07-36-Black,1,0
default,MSH07-36-Blue,1,0
default,MSH07-36-Purple,1,0
default,MSH08-32-Black,1,0
default,MSH08-32-Blue,1,0
default,MSH08-32-Green,1,0
default,MSH08-33-Black,1,0
default,MSH08-33-Blue,1,0
default,MSH08-33-Green,1,0
default,MSH08-34-Black,1,0
default,MSH08-34-Blue,1,0
default,MSH08-34-Green,1,0
default,MSH08-36-Black,1,0
default,MSH08-36-Blue,1,0
default,MSH08-36-Green,1,0
default,MSH09-32-Black,1,0
default,MSH09-32-Blue,1,0
default,MSH09-32-Green,1,0
default,MSH09-33-Black,1,0
default,MSH09-33-Blue,1,0
default,MSH09-33-Green,1,0
default,MSH09-34-Black,1,0
default,MSH09-34-Blue,1,0
default,MSH09-34-Green,1,0
default,MSH09-36-Black,1,0
default,MSH09-36-Blue,1,0
default,MSH09-36-Green,1,0
default,MSH10-32-Blue,1,0
default,MSH10-32-Green,1,0
default,MSH10-32-Purple,1,0
default,MSH10-33-Blue,1,0
default,MSH10-33-Green,1,0
default,MSH10-33-Purple,1,0
default,MSH10-34-Blue,1,0
default,MSH10-34-Green,1,0
default,MSH10-34-Purple,1,0
default,MSH10-36-Blue,1,0
default,MSH10-36-Green,1,0
default,MSH10-36-Purple,1,0
default,MSH11-32-Black,1,0
default,MSH11-32-Blue,1,0
default,MSH11-32-Red,1,0
default,MSH11-33-Black,1,0
default,MSH11-33-Blue,1,0
default,MSH11-33-Red,1,0
default,MSH11-34-Black,1,0
default,MSH11-34-Blue,1,0
default,MSH11-34-Red,1,0
default,MSH11-36-Black,1,0
default,MSH11-36-Blue,1,0
default,MSH11-36-Red,1,0
default,MSH12-32-Black,1,0
default,MSH12-32-Gray,1,0
default,MSH12-32-Red,1,0
default,MSH12-33-Black,1,0
default,MSH12-33-Gray,1,0
default,MSH12-33-Red,1,0
default,MSH12-34-Black,1,0
default,MSH12-34-Gray,1,0
default,MSH12-34-Red,1,0
default,MSH12-36-Black,1,0
default,MSH12-36-Gray,1,0
default,MSH12-36-Red,1,0
default,WH01-XS-Green,1,0
default,WH01-XS-Orange,1,0
default,WH01-XS-Purple,1,0
default,WH01-S-Green,1,0
default,WH01-S-Orange,1,0
default,WH01-S-Purple,1,0
default,WH01-M-Green,1,0
default,WH01-M-Orange,1,0
default,WH01-M-Purple,1,0
default,WH01-L-Green,1,0
default,WH01-L-Orange,1,0
default,WH01-L-Purple,1,0
default,WH01-XL-Green,1,0
default,WH01-XL-Orange,1,0
default,WH01-XL-Purple,1,0
default,WH02-XS-Blue,1,0
default,WH02-XS-Green,1,0
default,WH02-XS-Orange,1,0
default,WH02-S-Blue,1,0
default,WH02-S-Green,1,0
default,WH02-S-Orange,1,0
default,WH02-M-Blue,1,0
default,WH02-M-Green,1,0
default,WH02-M-Orange,1,0
default,WH02-L-Blue,1,0
default,WH02-L-Green,1,0
default,WH02-L-Orange,1,0
default,WH02-XL-Blue,1,0
default,WH02-XL-Green,1,0
default,WH02-XL-Orange,1,0
default,WH03-XS-Green,1,0
default,WH03-XS-Purple,1,0
default,WH03-XS-Red,1,0
default,WH03-S-Green,1,0
default,WH03-S-Purple,1,0
default,WH03-S-Red,1,0
default,WH03-M-Green,1,0
default,WH03-M-Purple,1,0
default,WH03-M-Red,1,0
default,WH03-L-Green,1,0
default,WH03-L-Purple,1,0
default,WH03-L-Red,1,0
default,WH03-XL-Green,1,0
default,WH03-XL-Purple,1,0
default,WH03-XL-Red,1,0
default,WH04-XS-Blue,1,0
default,WH04-XS-Orange,1,0
default,WH04-XS-Purple,1,0
default,WH04-S-Blue,1,0
default,WH04-S-Orange,1,0
default,WH04-S-Purple,1,0
default,WH04-M-Blue,1,0
default,WH04-M-Orange,1,0
default,WH04-M-Purple,1,0
default,WH04-L-Blue,1,0
default,WH04-L-Orange,1,0
default,WH04-L-Purple,1,0
default,WH04-XL-Blue,1,0
default,WH04-XL-Orange,1,0
default,WH04-XL-Purple,1,0
default,WH05-XS-Orange,1,0
default,WH05-XS-Purple,1,0
default,WH05-XS-White,1,0
default,WH05-S-Orange,1,0
default,WH05-S-Purple,1,0
default,WH05-S-White,1,0
default,WH05-M-Orange,1,0
default,WH05-M-Purple,1,0
default,WH05-M-White,1,0
default,WH05-L-Orange,1,0
default,WH05-L-Purple,1,0
default,WH05-L-White,1,0
default,WH05-XL-Orange,1,0
default,WH05-XL-Purple,1,0
default,WH05-XL-White,1,0
default,WH06-XS-Purple,1,0
default,WH06-S-Purple,1,0
default,WH06-M-Purple,1,0
default,WH06-L-Purple,1,0
default,WH06-XL-Purple,1,0
default,WH07-XS-Gray,1,0
default,WH07-XS-Purple,1,0
default,WH07-XS-White,1,0
default,WH07-S-Gray,1,0
default,WH07-S-Purple,1,0
default,WH07-S-White,1,0
default,WH07-M-Gray,1,0
default,WH07-M-Purple,1,0
default,WH07-M-White,1,0
default,WH07-L-Gray,1,0
default,WH07-L-Purple,1,0
default,WH07-L-White,1,0
default,WH07-XL-Gray,1,0
default,WH07-XL-Purple,1,0
default,WH07-XL-White,1,0
default,WH08-XS-Orange,1,0
default,WH08-XS-Purple,1,0
default,WH08-XS-White,1,0
default,WH08-S-Orange,1,0
default,WH08-S-Purple,1,0
default,WH08-S-White,1,0
default,WH08-M-Orange,1,0
default,WH08-M-Purple,1,0
default,WH08-M-White,1,0
default,WH08-L-Orange,1,0
default,WH08-L-Purple,1,0
default,WH08-L-White,1,0
default,WH08-XL-Orange,1,0
default,WH08-XL-Purple,1,0
default,WH08-XL-White,1,0
default,WH09-XS-Green,1,0
default,WH09-XS-Purple,1,0
default,WH09-XS-Red,1,0
default,WH09-S-Green,1,0
default,WH09-S-Purple,1,0
default,WH09-S-Red,1,0
default,WH09-M-Green,1,0
default,WH09-M-Purple,1,0
default,WH09-M-Red,1,0
default,WH09-L-Green,1,0
default,WH09-L-Purple,1,0
default,WH09-L-Red,1,0
default,WH09-XL-Green,1,0
default,WH09-XL-Purple,1,0
default,WH09-XL-Red,1,0
default,WH10-XS-Blue,1,0
default,WH10-XS-Gray,1,0
default,WH10-XS-Yellow,1,0
default,WH10-S-Blue,1,0
default,WH10-S-Gray,1,0
default,WH10-S-Yellow,1,0
default,WH10-M-Blue,1,0
default,WH10-M-Gray,1,0
default,WH10-M-Yellow,1,0
default,WH10-L-Blue,1,0
default,WH10-L-Gray,1,0
default,WH10-L-Yellow,1,0
default,WH10-XL-Blue,1,0
default,WH10-XL-Gray,1,0
default,WH10-XL-Yellow,1,0
default,WH11-XS-Blue,1,0
default,WH11-XS-Green,1,0
default,WH11-XS-Orange,1,0
default,WH11-S-Blue,1,0
default,WH11-S-Green,1,0
default,WH11-S-Orange,1,0
default,WH11-M-Blue,1,0
default,WH11-M-Green,1,0
default,WH11-M-Orange,1,0
default,WH11-L-Blue,1,0
default,WH11-L-Green,1,0
default,WH11-L-Orange,1,0
default,WH11-XL-Blue,1,0
default,WH11-XL-Green,1,0
default,WH11-XL-Orange,1,0
default,WH12-XS-Gray,1,0
default,WH12-XS-Green,1,0
default,WH12-XS-Purple,1,0
default,WH12-S-Gray,1,0
default,WH12-S-Green,1,0
default,WH12-S-Purple,1,0
default,WH12-M-Gray,1,0
default,WH12-M-Green,1,0
default,WH12-M-Purple,1,0
default,WH12-L-Gray,1,0
default,WH12-L-Green,1,0
default,WH12-L-Purple,1,0
default,WH12-XL-Gray,1,0
default,WH12-XL-Green,1,0
default,WH12-XL-Purple,1,0
default,WJ01-S-Blue,1,0
default,WJ01-S-Red,1,0
default,WJ01-S-Yellow,1,0
default,WJ01-M-Blue,1,0
default,WJ01-M-Red,1,0
default,WJ01-M-Yellow,1,0
default,WJ01-L-Blue,1,0
default,WJ01-L-Red,1,0
default,WJ01-L-Yellow,1,0
default,WJ02-XS-Black,1,0
default,WJ02-XS-Blue,1,0
default,WJ02-XS-Gray,1,0
default,WJ02-S-Black,1,0
default,WJ02-S-Blue,1,0
default,WJ02-S-Gray,1,0
default,WJ02-M-Black,1,0
default,WJ02-M-Blue,1,0
default,WJ02-M-Gray,1,0
default,WJ02-L-Black,1,0
default,WJ02-L-Blue,1,0
default,WJ02-L-Gray,1,0
default,WJ02-XL-Black,1,0
default,WJ02-XL-Blue,1,0
default,WJ02-XL-Gray,1,0
default,WJ03-XS-Blue,1,0
default,WJ03-XS-Orange,1,0
default,WJ03-XS-Red,1,0
default,WJ03-S-Blue,1,0
default,WJ03-S-Orange,1,0
default,WJ03-S-Red,1,0
default,WJ03-M-Blue,1,0
default,WJ03-M-Orange,1,0
default,WJ03-M-Red,1,0
default,WJ03-L-Blue,1,0
default,WJ03-L-Orange,1,0
default,WJ03-L-Red,1,0
default,WJ03-XL-Blue,1,0
default,WJ03-XL-Orange,1,0
default,WJ03-XL-Red,1,0
default,WJ04-XS-Orange,1,0
default,WJ04-XS-Red,1,0
default,WJ04-XS-White,1,0
default,WJ04-S-Orange,1,0
default,WJ04-S-Red,1,0
default,WJ04-S-White,1,0
default,WJ04-M-Orange,1,0
default,WJ04-M-Red,1,0
default,WJ04-M-White,1,0
default,WJ04-L-Orange,1,0
default,WJ04-L-Red,1,0
default,WJ04-L-White,1,0
default,WJ04-XL-Orange,1,0
default,WJ04-XL-Red,1,0
default,WJ04-XL-White,1,0
default,WJ05-XS-Brown,1,0
default,WJ05-XS-Green,1,0
default,WJ05-XS-Red,1,0
default,WJ05-S-Brown,1,0
default,WJ05-S-Green,1,0
default,WJ05-S-Red,1,0
default,WJ05-M-Brown,1,0
default,WJ05-M-Green,1,0
default,WJ05-M-Red,1,0
default,WJ05-L-Brown,1,0
default,WJ05-L-Green,1,0
default,WJ05-L-Red,1,0
default,WJ05-XL-Brown,1,0
default,WJ05-XL-Green,1,0
default,WJ05-XL-Red,1,0
default,WJ07-XS-Orange,1,0
default,WJ07-XS-Purple,1,0
default,WJ07-XS-Red,1,0
default,WJ07-S-Orange,1,0
default,WJ07-S-Purple,1,0
default,WJ07-S-Red,1,0
default,WJ07-M-Orange,1,0
default,WJ07-M-Purple,1,0
default,WJ07-M-Red,1,0
default,WJ07-L-Orange,1,0
default,WJ07-L-Purple,1,0
default,WJ07-L-Red,1,0
default,WJ07-XL-Orange,1,0
default,WJ07-XL-Purple,1,0
default,WJ07-XL-Red,1,0
default,WJ08-XS-Gray,1,0
default,WJ08-XS-Orange,1,0
default,WJ08-XS-Purple,1,0
default,WJ08-S-Gray,1,0
default,WJ08-S-Orange,1,0
default,WJ08-S-Purple,1,0
default,WJ08-M-Gray,1,0
default,WJ08-M-Orange,1,0
default,WJ08-M-Purple,1,0
default,WJ08-L-Gray,1,0
default,WJ08-L-Orange,1,0
default,WJ08-L-Purple,1,0
default,WJ08-XL-Gray,1,0
default,WJ08-XL-Orange,1,0
default,WJ08-XL-Purple,1,0
default,WJ09-XS-Blue,1,0
default,WJ09-XS-Gray,1,0
default,WJ09-XS-Green,1,0
default,WJ09-S-Blue,1,0
default,WJ09-S-Gray,1,0
default,WJ09-S-Green,1,0
default,WJ09-M-Blue,1,0
default,WJ09-M-Gray,1,0
default,WJ09-M-Green,1,0
default,WJ09-L-Blue,1,0
default,WJ09-L-Gray,1,0
default,WJ09-L-Green,1,0
default,WJ09-XL-Blue,1,0
default,WJ09-XL-Gray,1,0
default,WJ09-XL-Green,1,0
default,WJ10-XS-Black,1,0
default,WJ10-XS-Orange,1,0
default,WJ10-XS-Yellow,1,0
default,WJ10-S-Black,1,0
default,WJ10-S-Orange,1,0
default,WJ10-S-Yellow,1,0
default,WJ10-M-Black,1,0
default,WJ10-M-Orange,1,0
default,WJ10-M-Yellow,1,0
default,WJ10-L-Black,1,0
default,WJ10-L-Orange,1,0
default,WJ10-L-Yellow,1,0
default,WJ10-XL-Black,1,0
default,WJ10-XL-Orange,1,0
default,WJ10-XL-Yellow,1,0
default,WJ11-XS-Black,1,0
default,WJ11-XS-Blue,1,0
default,WJ11-XS-Orange,1,0
default,WJ11-S-Black,1,0
default,WJ11-S-Blue,1,0
default,WJ11-S-Orange,1,0
default,WJ11-M-Black,1,0
default,WJ11-M-Blue,1,0
default,WJ11-M-Orange,1,0
default,WJ11-L-Black,1,0
default,WJ11-L-Blue,1,0
default,WJ11-L-Orange,1,0
default,WJ11-XL-Black,1,0
default,WJ11-XL-Blue,1,0
default,WJ11-XL-Orange,1,0
default,WJ06-XS-Blue,1,0
default,WJ06-XS-Green,1,0
default,WJ06-XS-Purple,1,0
default,WJ06-S-Blue,1,0
default,WJ06-S-Green,1,0
default,WJ06-S-Purple,1,0
default,WJ06-M-Blue,1,0
default,WJ06-M-Green,1,0
default,WJ06-M-Purple,1,0
default,WJ06-L-Blue,1,0
default,WJ06-L-Green,1,0
default,WJ06-L-Purple,1,0
default,WJ06-XL-Blue,1,0
default,WJ06-XL-Green,1,0
default,WJ06-XL-Purple,1,0
default,WJ12-XS-Black,1,0
default,WJ12-XS-Blue,1,0
default,WJ12-XS-Purple,1,0
default,WJ12-S-Black,1,0
default,WJ12-S-Blue,1,0
default,WJ12-S-Purple,1,0
default,WJ12-M-Black,1,0
default,WJ12-M-Blue,1,0
default,WJ12-M-Purple,1,0
default,WJ12-L-Black,1,0
default,WJ12-L-Blue,1,0
default,WJ12-L-Purple,1,0
default,WJ12-XL-Black,1,0
default,WJ12-XL-Blue,1,0
default,WJ12-XL-Purple,1,0
default,WS02-XS-Blue,1,0
default,WS02-XS-Green,1,0
default,WS02-XS-Red,1,0
default,WS02-S-Blue,1,0
default,WS02-S-Green,1,0
default,WS02-S-Red,1,0
default,WS02-M-Blue,1,0
default,WS02-M-Green,1,0
default,WS02-M-Red,1,0
default,WS02-L-Blue,1,0
default,WS02-L-Green,1,0
default,WS02-L-Red,1,0
default,WS02-XL-Blue,1,0
default,WS02-XL-Green,1,0
default,WS02-XL-Red,1,0
default,WS03-XS-Blue,1,0
default,WS03-XS-Green,1,0
default,WS03-S-Blue,1,0
default,WS03-S-Green,1,0
default,WS03-S-Red,1,0
default,WS03-M-Blue,1,0
default,WS03-M-Green,1,0
default,WS03-M-Red,1,0
default,WS03-L-Blue,1,0
default,WS03-L-Green,1,0
default,WS03-L-Red,1,0
default,WS03-XL-Blue,1,0
default,WS03-XL-Green,1,0
default,WS03-XL-Red,1,0
default,WS04-XS-Blue,1,0
default,WS04-XS-Green,1,0
default,WS04-XS-Red,1,0
default,WS04-S-Blue,1,0
default,WS04-S-Green,1,0
default,WS04-S-Red,1,0
default,WS04-M-Blue,1,0
default,WS04-M-Green,1,0
default,WS04-M-Red,1,0
default,WS04-L-Blue,1,0
default,WS04-L-Green,1,0
default,WS04-L-Red,1,0
default,WS04-XL-Blue,1,0
default,WS04-XL-Green,1,0
default,WS04-XL-Red,1,0
default,WS06-XS-Gray,1,0
default,WS06-XS-Purple,1,0
default,WS06-XS-Red,1,0
default,WS06-S-Gray,1,0
default,WS06-S-Purple,1,0
default,WS06-S-Red,1,0
default,WS06-M-Gray,1,0
default,WS06-M-Purple,1,0
default,WS06-M-Red,1,0
default,WS06-L-Gray,1,0
default,WS06-L-Purple,1,0
default,WS06-L-Red,1,0
default,WS06-XL-Gray,1,0
default,WS06-XL-Purple,1,0
default,WS06-XL-Red,1,0
default,WS07-XS-Black,1,0
default,WS07-XS-White,1,0
default,WS07-XS-Yellow,1,0
default,WS07-S-Black,1,0
default,WS07-S-White,1,0
default,WS07-S-Yellow,1,0
default,WS07-M-Black,1,0
default,WS07-M-White,1,0
default,WS07-M-Yellow,1,0
default,WS07-L-Black,1,0
default,WS07-L-White,1,0
default,WS07-L-Yellow,1,0
default,WS07-XL-Black,1,0
default,WS07-XL-White,1,0
default,WS07-XL-Yellow,1,0
default,WS08-XS-Black,1,0
default,WS08-XS-Red,1,0
default,WS08-S-Black,1,0
default,WS08-S-Blue,1,0
default,WS08-S-Red,1,0
default,WS08-M-Black,1,0
default,WS08-M-Blue,1,0
default,WS08-M-Red,1,0
default,WS08-L-Black,1,0
default,WS08-L-Blue,1,0
default,WS08-L-Red,1,0
default,WS08-XL-Black,1,0
default,WS08-XL-Blue,1,0
default,WS08-XL-Red,1,0
default,WS09-XS-Blue,1,0
default,WS09-XS-Red,1,0
default,WS09-XS-White,1,0
default,WS09-S-Blue,1,0
default,WS09-S-Red,1,0
default,WS09-S-White,1,0
default,WS09-M-Blue,1,0
default,WS09-M-Red,1,0
default,WS09-M-White,1,0
default,WS09-L-Blue,1,0
default,WS09-L-Red,1,0
default,WS09-L-White,1,0
default,WS09-XL-Blue,1,0
default,WS09-XL-Red,1,0
default,WS09-XL-White,1,0
default,WS10-XS-Green,1,0
default,WS10-XS-Red,1,0
default,WS10-XS-Yellow,1,0
default,WS10-S-Green,1,0
default,WS10-S-Red,1,0
default,WS10-S-Yellow,1,0
default,WS10-M-Green,1,0
default,WS10-M-Red,1,0
default,WS10-M-Yellow,1,0
default,WS10-L-Green,1,0
default,WS10-L-Red,1,0
default,WS10-L-Yellow,1,0
default,WS10-XL-Green,1,0
default,WS10-XL-Red,1,0
default,WS10-XL-Yellow,1,0
default,WS11-XS-Green,1,0
default,WS11-XS-Orange,1,0
default,WS11-XS-Yellow,1,0
default,WS11-S-Green,1,0
default,WS11-S-Orange,1,0
default,WS11-S-Yellow,1,0
default,WS11-M-Green,1,0
default,WS11-M-Orange,1,0
default,WS11-M-Yellow,1,0
default,WS11-L-Green,1,0
default,WS11-L-Orange,1,0
default,WS11-L-Yellow,1,0
default,WS11-XL-Green,1,0
default,WS11-XL-Orange,1,0
default,WS11-XL-Yellow,1,0
default,WS12-XS-Blue,1,0
default,WS12-XS-Orange,1,0
default,WS12-XS-Purple,1,0
default,WS12-S-Blue,1,0
default,WS12-S-Orange,1,0
default,WS12-S-Purple,1,0
default,WS12-M-Blue,1,0
default,WS12-M-Orange,1,0
default,WS12-M-Purple,1,0
default,WS12-L-Blue,1,0
default,WS12-L-Orange,1,0
default,WS12-L-Purple,1,0
default,WS12-XL-Blue,1,0
default,WS12-XL-Orange,1,0
default,WS12-XL-Purple,1,0
default,WS01-XS-Black,1,0
default,WS01-XS-Green,1,0
default,WS01-XS-Yellow,1,0
default,WS01-S-Black,1,0
default,WS01-S-Green,1,0
default,WS01-S-Yellow,1,0
default,WS01-M-Black,1,0
default,WS01-M-Green,1,0
default,WS01-M-Yellow,1,0
default,WS01-L-Black,1,0
default,WS01-L-Green,1,0
default,WS01-L-Yellow,1,0
default,WS01-XL-Black,1,0
default,WS01-XL-Green,1,0
default,WS01-XL-Yellow,1,0
default,WS05-XS-Black,1,0
default,WS05-XS-Orange,1,0
default,WS05-XS-Yellow,1,0
default,WS05-S-Black,1,0
default,WS05-S-Orange,1,0
default,WS05-S-Yellow,1,0
default,WS05-M-Black,1,0
default,WS05-M-Orange,1,0
default,WS05-M-Yellow,1,0
default,WS05-L-Black,1,0
default,WS05-L-Orange,1,0
default,WS05-L-Yellow,1,0
default,WS05-XL-Black,1,0
default,WS05-XL-Orange,1,0
default,WS05-XL-Yellow,1,0
default,WB01-XS-Black,1,0
default,WB01-XS-Gray,1,0
default,WB01-XS-Purple,1,0
default,WB01-S-Black,1,0
default,WB01-S-Gray,1,0
default,WB01-S-Purple,1,0
default,WB01-M-Black,1,0
default,WB01-M-Gray,1,0
default,WB01-M-Purple,1,0
default,WB01-L-Black,1,0
default,WB01-L-Gray,1,0
default,WB01-L-Purple,1,0
default,WB01-XL-Black,1,0
default,WB01-XL-Gray,1,0
default,WB01-XL-Purple,1,0
default,WB02-XS-Blue,1,0
default,WB02-XS-Orange,1,0
default,WB02-XS-Yellow,1,0
default,WB02-S-Blue,1,0
default,WB02-S-Orange,1,0
default,WB02-S-Yellow,1,0
default,WB02-M-Blue,1,0
default,WB02-M-Orange,1,0
default,WB02-M-Yellow,1,0
default,WB02-L-Blue,1,0
default,WB02-L-Orange,1,0
default,WB02-L-Yellow,1,0
default,WB02-XL-Blue,1,0
default,WB02-XL-Orange,1,0
default,WB02-XL-Yellow,1,0
default,WB03-XS-Green,1,0
default,WB03-XS-Red,1,0
default,WB03-XS-Yellow,1,0
default,WB03-S-Green,1,0
default,WB03-S-Red,1,0
default,WB03-S-Yellow,1,0
default,WB03-M-Green,1,0
default,WB03-M-Red,1,0
default,WB03-M-Yellow,1,0
default,WB03-L-Green,1,0
default,WB03-L-Red,1,0
default,WB03-L-Yellow,1,0
default,WB03-XL-Green,1,0
default,WB03-XL-Red,1,0
default,WB03-XL-Yellow,1,0
default,WB04-XS-Blue,1,0
default,WB04-XS-Purple,1,0
default,WB04-XS-Yellow,1,0
default,WB04-S-Blue,1,0
default,WB04-S-Purple,1,0
default,WB04-S-Yellow,1,0
default,WB04-M-Blue,1,0
default,WB04-M-Purple,1,0
default,WB04-M-Yellow,1,0
default,WB04-L-Blue,1,0
default,WB04-L-Purple,1,0
default,WB04-L-Yellow,1,0
default,WB04-XL-Blue,1,0
default,WB04-XL-Purple,1,0
default,WB04-XL-Yellow,1,0
default,WB05-XS-Black,1,0
default,WB05-XS-Orange,1,0
default,WB05-XS-Purple,1,0
default,WB05-S-Black,1,0
default,WB05-S-Orange,1,0
default,WB05-S-Purple,1,0
default,WB05-M-Black,1,0
default,WB05-M-Orange,1,0
default,WB05-M-Purple,1,0
default,WB05-L-Black,1,0
default,WB05-L-Orange,1,0
default,WB05-L-Purple,1,0
default,WB05-XL-Black,1,0
default,WB05-XL-Orange,1,0
default,WB05-XL-Purple,1,0
default,WT01-XS-Black,1,0
default,WT01-XS-Blue,1,0
default,WT01-XS-Orange,1,0
default,WT01-S-Black,1,0
default,WT01-S-Blue,1,0
default,WT01-S-Orange,1,0
default,WT01-M-Black,1,0
default,WT01-M-Blue,1,0
default,WT01-M-Orange,1,0
default,WT01-L-Black,1,0
default,WT01-L-Blue,1,0
default,WT01-L-Orange,1,0
default,WT01-XL-Black,1,0
default,WT01-XL-Blue,1,0
default,WT01-XL-Orange,1,0
default,WT02-XS-Green,1,0
default,WT02-XS-Orange,1,0
default,WT02-XS-Yellow,1,0
default,WT02-S-Green,1,0
default,WT02-S-Orange,1,0
default,WT02-S-Yellow,1,0
default,WT02-M-Green,1,0
default,WT02-M-Orange,1,0
default,WT02-M-Yellow,1,0
default,WT02-L-Green,1,0
default,WT02-L-Orange,1,0
default,WT02-L-Yellow,1,0
default,WT02-XL-Green,1,0
default,WT02-XL-Orange,1,0
default,WT02-XL-Yellow,1,0
default,WT03-XS-Orange,1,0
default,WT03-XS-Purple,1,0
default,WT03-XS-Red,1,0
default,WT03-S-Orange,1,0
default,WT03-S-Purple,1,0
default,WT03-S-Red,1,0
default,WT03-M-Orange,1,0
default,WT03-M-Purple,1,0
default,WT03-M-Red,1,0
default,WT03-L-Orange,1,0
default,WT03-L-Purple,1,0
default,WT03-L-Red,1,0
default,WT03-XL-Orange,1,0
default,WT03-XL-Purple,1,0
default,WT03-XL-Red,1,0
default,WT04-XS-Blue,1,0
default,WT04-XS-Purple,1,0
default,WT04-XS-Red,1,0
default,WT04-S-Blue,1,0
default,WT04-S-Purple,1,0
default,WT04-S-Red,1,0
default,WT04-M-Blue,1,0
default,WT04-M-Purple,1,0
default,WT04-M-Red,1,0
default,WT04-L-Blue,1,0
default,WT04-L-Purple,1,0
default,WT04-L-Red,1,0
default,WT04-XL-Blue,1,0
default,WT04-XL-Purple,1,0
default,WT04-XL-Red,1,0
default,WT05-XS-Orange,1,0
default,WT05-XS-Purple,1,0
default,WT05-XS-White,1,0
default,WT05-S-Orange,1,0
default,WT05-S-Purple,1,0
default,WT05-S-White,1,0
default,WT05-M-Orange,1,0
default,WT05-M-Purple,1,0
default,WT05-M-White,1,0
default,WT05-L-Orange,1,0
default,WT05-L-Purple,1,0
default,WT05-L-White,1,0
default,WT05-XL-Orange,1,0
default,WT05-XL-Purple,1,0
default,WT05-XL-White,1,0
default,WT06-XS-Blue,1,0
default,WT06-XS-Red,1,0
default,WT06-XS-Yellow,1,0
default,WT06-S-Blue,1,0
default,WT06-S-Red,1,0
default,WT06-S-Yellow,1,0
default,WT06-M-Blue,1,0
default,WT06-M-Red,1,0
default,WT06-M-Yellow,1,0
default,WT06-L-Blue,1,0
default,WT06-L-Red,1,0
default,WT06-L-Yellow,1,0
default,WT06-XL-Blue,1,0
default,WT06-XL-Red,1,0
default,WT06-XL-Yellow,1,0
default,WT07-XS-Green,1,0
default,WT07-XS-White,1,0
default,WT07-XS-Yellow,1,0
default,WT07-S-Green,1,0
default,WT07-S-White,1,0
default,WT07-S-Yellow,1,0
default,WT07-M-Green,1,0
default,WT07-M-White,1,0
default,WT07-M-Yellow,1,0
default,WT07-L-Green,1,0
default,WT07-L-White,1,0
default,WT07-L-Yellow,1,0
default,WT07-XL-Green,1,0
default,WT07-XL-White,1,0
default,WT07-XL-Yellow,1,0
default,WT08-XS-Black,1,0
default,WT08-XS-Purple,1,0
default,WT08-XS-Yellow,1,0
default,WT08-S-Black,1,0
default,WT08-S-Purple,1,0
default,WT08-S-Yellow,1,0
default,WT08-M-Black,1,0
default,WT08-M-Purple,1,0
default,WT08-M-Yellow,1,0
default,WT08-L-Black,1,0
default,WT08-L-Purple,1,0
default,WT08-L-Yellow,1,0
default,WT08-XL-Black,1,0
default,WT08-XL-Purple,1,0
default,WT08-XL-Yellow,1,0
default,WT09-XS-Purple,1,0
default,WT09-XS-White,1,0
default,WT09-XS-Yellow,1,0
default,WT09-S-Purple,1,0
default,WT09-S-White,1,0
default,WT09-S-Yellow,1,0
default,WT09-M-Purple,1,0
default,WT09-M-White,1,0
default,WT09-M-Yellow,1,0
default,WT09-L-Purple,1,0
default,WT09-L-White,1,0
default,WT09-L-Yellow,1,0
default,WT09-XL-Purple,1,0
default,WT09-XL-White,1,0
default,WT09-XL-Yellow,1,0
default,WP01-28-Black,1,0
default,WP01-28-Gray,1,0
default,WP01-28-White,1,0
default,WP01-29-Black,1,0
default,WP01-29-Gray,1,0
default,WP01-29-White,1,0
default,WP02-28-Blue,1,0
default,WP02-28-Purple,1,0
default,WP02-28-Red,1,0
default,WP02-29-Blue,1,0
default,WP02-29-Purple,1,0
default,WP02-29-Red,1,0
default,WP03-28-Black,1,0
default,WP03-28-Blue,1,0
default,WP03-28-Purple,1,0
default,WP03-29-Black,1,0
default,WP03-29-Blue,1,0
default,WP03-29-Purple,1,0
default,WP04-28-Black,1,0
default,WP04-28-Blue,1,0
default,WP04-28-White,1,0
default,WP04-29-Black,1,0
default,WP04-29-Blue,1,0
default,WP04-29-White,1,0
default,WP05-28-Blue,1,0
default,WP05-28-Gray,1,0
default,WP05-28-Red,1,0
default,WP05-29-Blue,1,0
default,WP05-29-Gray,1,0
default,WP05-29-Red,1,0
default,WP06-28-Black,1,0
default,WP06-28-Blue,1,0
default,WP06-28-Orange,1,0
default,WP06-29-Black,1,0
default,WP06-29-Blue,1,0
default,WP06-29-Orange,1,0
default,WP07-28-Black,1,0
default,WP07-28-Blue,1,0
default,WP07-28-Orange,1,0
default,WP07-29-Black,1,0
default,WP07-29-Blue,1,0
default,WP07-29-Orange,1,0
default,WP08-28-Black,1,0
default,WP08-28-Green,1,0
default,WP08-28-Red,1,0
default,WP08-29-Black,1,0
default,WP08-29-Green,1,0
default,WP08-29-Red,1,0
default,WP09-28-Black,1,0
default,WP09-28-Blue,1,0
default,WP09-28-Purple,1,0
default,WP09-29-Black,1,0
default,WP09-29-Blue,1,0
default,WP09-29-Purple,1,0
default,WP10-28-Black,1,0
default,WP10-28-Gray,1,0
default,WP10-28-White,1,0
default,WP10-29-Black,1,0
default,WP10-29-Gray,1,0
default,WP10-29-White,1,0
default,WP11-28-Blue,1,0
default,WP11-28-Green,1,0
default,WP11-28-Red,1,0
default,WP11-29-Blue,1,0
default,WP11-29-Green,1,0
default,WP11-29-Red,1,0
default,WP12-28-Blue,1,0
default,WP12-28-Gray,1,0
default,WP12-28-Green,1,0
default,WP12-29-Blue,1,0
default,WP12-29-Gray,1,0
default,WP12-29-Green,1,0
default,WP13-28-Blue,1,0
default,WP13-28-Green,1,0
default,WP13-28-Orange,1,0
default,WP13-29-Blue,1,0
default,WP13-29-Green,1,0
default,WP13-29-Orange,1,0
default,WSH01-28-Black,1,0
default,WSH01-28-Green,1,0
default,WSH01-28-Red,1,0
default,WSH01-29-Black,1,0
default,WSH01-29-Green,1,0
default,WSH01-29-Red,1,0
default,WSH01-30-Black,1,0
default,WSH01-30-Green,1,0
default,WSH01-30-Red,1,0
default,WSH01-31-Black,1,0
default,WSH01-31-Green,1,0
default,WSH01-31-Red,1,0
default,WSH01-32-Black,1,0
default,WSH01-32-Green,1,0
default,WSH01-32-Red,1,0
default,WSH02-28-Gray,1,0
default,WSH02-28-Orange,1,0
default,WSH02-28-Yellow,1,0
default,WSH02-29-Gray,1,0
default,WSH02-29-Orange,1,0
default,WSH02-29-Yellow,1,0
default,WSH02-30-Gray,1,0
default,WSH02-30-Orange,1,0
default,WSH02-30-Yellow,1,0
default,WSH02-31-Gray,1,0
default,WSH02-31-Orange,1,0
default,WSH02-31-Yellow,1,0
default,WSH02-32-Gray,1,0
default,WSH02-32-Orange,1,0
default,WSH02-32-Yellow,1,0
default,WSH03-28-Blue,1,0
default,WSH03-28-Gray,1,0
default,WSH03-28-Orange,1,0
default,WSH03-29-Blue,1,0
default,WSH03-29-Gray,1,0
default,WSH03-29-Orange,1,0
default,WSH03-30-Blue,1,0
default,WSH03-30-Gray,1,0
default,WSH03-30-Orange,1,0
default,WSH03-31-Blue,1,0
default,WSH03-31-Gray,1,0
default,WSH03-31-Orange,1,0
default,WSH03-32-Blue,1,0
default,WSH03-32-Gray,1,0
default,WSH03-32-Orange,1,0
default,WSH04-28-Black,1,0
default,WSH04-28-Green,1,0
default,WSH04-28-Orange,1,0
default,WSH04-29-Black,1,0
default,WSH04-29-Green,1,0
default,WSH04-29-Orange,1,0
default,WSH04-30-Black,1,0
default,WSH04-30-Green,1,0
default,WSH04-30-Orange,1,0
default,WSH04-31-Black,1,0
default,WSH04-31-Green,1,0
default,WSH04-31-Orange,1,0
default,WSH04-32-Black,1,0
default,WSH04-32-Green,1,0
default,WSH04-32-Orange,1,0
default,WSH05-28-Blue,1,0
default,WSH05-28-Purple,1,0
default,WSH05-28-Yellow,1,0
default,WSH05-29-Blue,1,0
default,WSH05-29-Purple,1,0
default,WSH05-29-Yellow,1,0
default,WSH05-30-Blue,1,0
default,WSH05-30-Purple,1,0
default,WSH05-30-Yellow,1,0
default,WSH05-31-Blue,1,0
default,WSH05-31-Purple,1,0
default,WSH05-31-Yellow,1,0
default,WSH05-32-Blue,1,0
default,WSH05-32-Purple,1,0
default,WSH05-32-Yellow,1,0
default,WSH06-28-Gray,1,0
default,WSH06-28-Orange,1,0
default,WSH06-28-Purple,1,0
default,WSH06-29-Gray,1,0
default,WSH06-29-Orange,1,0
default,WSH06-29-Purple,1,0
default,WSH07-28-Black,1,0
default,WSH07-28-Blue,1,0
default,WSH07-28-Purple,1,0
default,WSH07-29-Black,1,0
default,WSH07-29-Blue,1,0
default,WSH07-29-Purple,1,0
default,WSH08-28-Purple,1,0
default,WSH08-29-Purple,1,0
default,WSH08-30-Purple,1,0
default,WSH08-31-Purple,1,0
default,WSH08-32-Purple,1,0
default,WSH09-28-Gray,1,0
default,WSH09-28-Green,1,0
default,WSH09-28-White,1,0
default,WSH09-29-Gray,1,0
default,WSH09-29-Green,1,0
default,WSH09-29-White,1,0
default,WSH10-28-Black,1,0
default,WSH10-28-Orange,1,0
default,WSH10-28-White,1,0
default,WSH10-29-Black,1,0
default,WSH10-29-Orange,1,0
default,WSH10-29-White,1,0
default,WSH11-28-Blue,1,0
default,WSH11-28-Orange,1,0
default,WSH11-28-Red,1,0
default,WSH11-29-Blue,1,0
default,WSH11-29-Orange,1,0
default,WSH11-29-Red,1,0
default,WSH12-28-Green,1,0
default,WSH12-28-Purple,1,0
default,WSH12-28-Red,1,0
default,WSH12-29-Green,1,0
default,WSH12-29-Purple,1,0
default,WSH12-29-Red,1,0
default,WSH12-30-Green,1,0
default,WSH12-30-Purple,1,0
default,WSH12-30-Red,1,0
default,WSH12-31-Green,1,0
default,WSH12-31-Purple,1,0
default,WSH12-31-Red,1,0
default,WSH12-32-Green,1,0
default,WSH12-32-Purple,1,0
default,WSH12-32-Red,1,0